"","term","estimate","std.error","statistic","p.value"
"1","(Intercept)",9.384014675623,1.96759913324495,4.76927160470282,6.91137112117596e-06
"2","Health Issues (yes)",3.70344136827322,1.41852007034955,2.61077826509752,0.0105472137399735
"3","Language Background (English)",-6.46906470120737,1.95731792541911,-3.30506588490073,0.00135452413372888
"4","Laterality (Unilateral)",-2.1489020500147,1.57557350821427,-1.36388561930711,0.175931247084872
